Workbook

Sheet School Year
A1: 2026 | B1: School Year (Fall Year — enter 4-digit start year)
A2: =A1+1 | B2: Spring Year (auto-calculated)
A3: Instructions: Change the value in A1 to the desired fall year (e.g., 2027 for the 2027-28 school year).
A4: All holiday dates in the 'Holidays' tab will automatically recalculate based on that year.
A5: The yellow cell (A1) is the only cell you need to edit.

Sheet Holidays
A1: Date | B1: Event Name | C1: Grade Level / Notes | D1: Type | E1: Perpetual Calendar Formula
A2: =DATE('School Year'!$A$1,9,1)+MOD(3-WEEKDAY(DATE('School Year'!$A$1,9,1)),7) | B2: First Day of School | C2: TK–12 | D2: First Day | E2: First Tuesday of September (fall year)
A3: =DATE('School Year'!$A$1,9,1)+MOD(2-WEEKDAY(DATE('School Year'!$A$1,9,1)),7) | B3: No School – Labor Day | C3: TK–12 | D3: Federal Holiday | E3: 1st Monday of September (fall year)
A4: =IF(WEEKDAY(DATE('School Year'!$A$1,11,11))=7,DATE('School Year'!$A$1,11,10),IF(WEEKDAY(DATE('School Year'!$A$1,11,11))=1,DATE('School Year'!$A$1,11,12),DATE('School Year'!$A$1,11,11))) | B4: No School – Veterans Day | C4: TK–12 | D4: Federal Holiday | E4: November 11 (fixed); if Saturday → observed Friday Nov 10; if Sunday → observed Monday Nov 12
A5: =DATE('School Year'!$A$1,11,1)+MOD(6-WEEKDAY(DATE('School Year'!$A$1,11,1)),7)+14 | B5: No School – Conferences | C5: Grades 6–8 | D5: Conferences | E5: 3rd Friday of November (fall year)
A6: =DATE('School Year'!$A$1,11,1)+MOD(5-WEEKDAY(DATE('School Year'!$A$1,11,1)),7)+20 | B6: Early Release | C6: TK–12 | D6: Early Release | E6: Wednesday before Thanksgiving: 4th Thursday of November minus 1 day
A7: =DATE('School Year'!$A$1,11,1)+MOD(5-WEEKDAY(DATE('School Year'!$A$1,11,1)),7)+21 | B7: No School – Thanksgiving | C7: TK–12 | D7: Federal Holiday | E7: 4th Thursday of November (Thanksgiving Day, fall year)
A8: =DATE('School Year'!$A$1,11,1)+MOD(5-WEEKDAY(DATE('School Year'!$A$1,11,1)),7)+22 | B8: No School – Thanksgiving Break | C8: TK–12 | D8: Break | E8: Day after Thanksgiving (4th Thursday of November plus 1 day)
A9: =DATE('School Year'!$A$1,11,1)+MOD(5-WEEKDAY(DATE('School Year'!$A$1,11,1)),7)+25 | B9: No School – Trimester Break | C9: TK–12 | D9: Break | E9: Monday after Thanksgiving: 4th Thursday of November plus 4 days
A10: =DATE('School Year'!$A$1,12,1)+MOD(6-WEEKDAY(DATE('School Year'!$A$1,12,1)),7)+7 | B10: No School – Conferences | C10: TK–5 | D10: Conferences | E10: 2nd Friday of December (fall year)
A11: =DATE('School Year'!$A$1,12,1)+MOD(5-WEEKDAY(DATE('School Year'!$A$1,12,1)),7)+13 | B11: Early Release | C11: TK–12 | D11: Early Release | E11: Day before Winter Break: 3rd Thursday of December minus 1 day (Wednesday)
A12: =DATE('School Year'!$A$1,12,1)+MOD(5-WEEKDAY(DATE('School Year'!$A$1,12,1)),7)+14 | B12: No School – Winter Break Begins | C12: TK–12 | D12: Break | E12: 3rd Thursday of December (fall year); first day of Winter Break
A13: =DATE('School Year'!$A$1,12,31) | B13: No School – Winter Break Ends | C13: TK–12 | D13: Break | E13: December 31 (fixed); last day of calendar year / Winter Break
A14: =DATE('School Year'!$A$1+1,1,1) | B14: No School – New Year's Day | C14: TK–12 | D14: Federal Holiday | E14: January 1 (fixed, spring year)
A15: =DATE('School Year'!$A$1+1,1,1)+MOD(2-WEEKDAY(DATE('School Year'!$A$1+1,1,1)),7)+14 | B15: No School – Martin Luther King Jr. Day | C15: TK–12 | D15: Federal Holiday | E15: 3rd Monday of January (spring year)
A16: =DATE('School Year'!$A$1+1,2,0)-MOD(WEEKDAY(DATE('School Year'!$A$1+1,2,0))-6+7,7) | B16: No School – Semester Break | C16: TK–12 | D16: Break | E16: Last Friday of January (spring year): last day of January minus days-since-Friday
A17: =DATE('School Year'!$A$1+1,2,1)+MOD(2-WEEKDAY(DATE('School Year'!$A$1+1,2,1)),7)+14 | B17: No School – Presidents' Day | C17: TK–12 | D17: Federal Holiday | E17: 3rd Monday of February (spring year)
A18: =DATE('School Year'!$A$1+1,2,1)+MOD(2-WEEKDAY(DATE('School Year'!$A$1+1,2,1)),7)+21 | B18: Snow Make-Up Day (if needed) | C18: TK–12 | D18: Make-Up Day | E18: Monday after Presidents' Day: Presidents' Day (3rd Monday of Feb) plus 7 days
A19: =DATE('School Year'!$A$1+1,3,1)+MOD(4-WEEKDAY(DATE('School Year'!$A$1+1,3,1)),7)+14 | B19: No School – Trimester Break | C19: TK–12 | D19: Break | E19: 3rd Wednesday of March (spring year)
A20: =DATE('School Year'!$A$1+1,3,1)+MOD(6-WEEKDAY(DATE('School Year'!$A$1+1,3,1)),7)+21 | B20: No School – Conferences | C20: TK–5 | D20: Conferences | E20: 4th Friday of March (spring year)
A21: =DATE('School Year'!$A$1+1,4,1)+MOD(2-WEEKDAY(DATE('School Year'!$A$1+1,4,1)),7)-3 | B21: Early Release | C21: TK–12 | D21: Early Release | E21: Friday before Spring Break: First Monday of April minus 3 days
A22: =DATE('School Year'!$A$1+1,4,1)+MOD(2-WEEKDAY(DATE('School Year'!$A$1+1,4,1)),7) | B22: No School – Spring Break Begins | C22: TK–12 | D22: Break | E22: First Monday of April (spring year); first day of Spring Break
A23: =DATE('School Year'!$A$1+1,4,1)+MOD(2-WEEKDAY(DATE('School Year'!$A$1+1,4,1)),7)+4 | B23: No School – Spring Break Ends | C23: TK–12 | D23: Break | E23: First Friday of April: Spring Break start (First Monday of April) plus 4 days
A24: =DATE('School Year'!$A$1+1,5,0)-MOD(WEEKDAY(DATE('School Year'!$A$1+1,5,0))-6+7,7) | B24: No School – Conferences | C24: Grades 6–8 | D24: Conferences | E24: Last Friday of April (spring year)
A25: =DATE('School Year'!$A$1+1,6,0)-MOD(WEEKDAY(DATE('School Year'!$A$1+1,6,0))-2+7,7) | B25: No School – Memorial Day | C25: TK–12 | D25: Federal Holiday | E25: Last Monday of May (spring year): last day of May minus days-since-Monday
A26: =DATE('School Year'!$A$1+1,6,1)+MOD(5-WEEKDAY(DATE('School Year'!$A$1+1,6,1)),7)+14 | B26: Last Day of School (Early Release) | C26: TK–12 | D26: Last Day | E26: 3rd Thursday of June (spring year)
A27: =IF(WEEKDAY(DATE('School Year'!$A$1+1,6,19))=7,DATE('School Year'!$A$1+1,6,18),IF(WEEKDAY(DATE('School Year'!$A$1+1,6,19))=1,DATE('School Year'!$A$1+1,6,20),DATE('School Year'!$A$1+1,6,19))) | B27: No School – Juneteenth Observance | C27: TK–12 | D27: Federal Holiday | E27: June 19 (Juneteenth, fixed); if Saturday → observed Friday June 18; if Sunday → observed Monday June 20
A28: =A26-WEEKDAY(A26)+9 | B28: Snow Make-Up Day (if needed) | C28: TK–12 | D28: Make-Up Day | E28: First Monday after Last Day of School: Last Day minus WEEKDAY(Last Day) plus 9
